{"mean":{"confidence_interval":{"confidence_level":0.95,"lower_bound":-0.595658340687907,"upper_bound":-0.5752000284387664},"point_estimate":-0.5855467288914388,"standard_error":0.005130316741552236},"median":{"confidence_interval":{"confidence_level":0.95,"lower_bound":-0.595658340687907,"upper_bound":-0.5752000284387664},"point_estimate":-0.5855467288914388,"standard_error":0.005130316741552236}}