{"mean":{"confidence_interval":{"confidence_level":0.95,"lower_bound":-0.03155714024830181,"upper_bound":0.0757041850770801},"point_estimate":0.020478765081829664,"standard_error":0.026943143372620177},"median":{"confidence_interval":{"confidence_level":0.95,"lower_bound":-0.03155714024830181,"upper_bound":0.0757041850770801},"point_estimate":0.020478765081829664,"standard_error":0.026943143372620177}}