{"mean":{"confidence_interval":{"confidence_level":0.95,"lower_bound":0.1244342531047753,"upper_bound":0.19481510311232775},"point_estimate":0.15912650111029092,"standard_error":0.01766604901987306},"median":{"confidence_interval":{"confidence_level":0.95,"lower_bound":0.1244342531047753,"upper_bound":0.19481510311232775},"point_estimate":0.15912650111029092,"standard_error":0.01766604901987306}}